{
    "meta": "Кнопки",
    "mainClass": {
        "name": "buttons",
        "enum": {
            "select": 1,
            "start": 8,
            "up": 16,
            "right": 32,
            "down": 64,
            "left": 128,
            "l": 256,
            "r": 512,
            "triangle": 4096,
            "circle": 8192,
            "cross": 16384,
            "square": 32768
        },
        "alias": [
            {
                "name": "buttonEnum",
                "type": [
                    "`buttons.select`",
                    "`buttons.start`",
                    "`buttons.up`",
                    "`buttons.right`",
                    "`buttons.down`",
                    "`buttons.left`",
                    "`buttons.l`",
                    "`buttons.r`",
                    "`buttons.triangle`",
                    "`buttons.circle`",
                    "`buttons.cross`",
                    "`buttons.square`"
                ]
            },
            {
                "name": "buttonNumbers",
                "type": [
                    1, 8, 16, 32, 64, 128, 256, 512, 4096, 8192, 16384, 32768
                ]
            }
        ],
        "functions": [
            {
                "name": "buttons.read",
                "args": [],
                "description": "считывание состояния кнопок"
            },
            {
                "name": "buttons.Lx",
                "args": [],
                "return": "number",
                "description": "считывание состояния стика по оси х"
            },
            {
                "name": "buttons.Ly",
                "args": [],
                "return": "number",
                "description": "считывание состояния стика по оси y"
            },
            {
                "name": "buttons.pressed",
                "args": [
                    {
                        "name": "button",
                        "isRequired": true,
                        "type": ["buttonEnum", "buttonNumbers"]
                    }
                ],
                "return": "boolean",
                "description": "проверка на то, была ли кнопка нажата только что"
            },
            {
                "name": "buttons.held",
                "args": [
                    {
                        "name": "button",
                        "isRequired": true,
                        "type": ["buttonEnum", "buttonNumbers"]
                    }
                ],
                "return": "boolean",
                "description": "проверка на то, удерживается ли кнопка в данный момент"
            },
            {
                "name": "buttons.released",
                "args": [
                    {
                        "name": "button",
                        "isRequired": true,
                        "type": ["buttonEnum", "buttonNumbers"]
                    }
                ],
                "return": "boolean",
                "description": "проверка на то, была ли кнопка только что отпущена"
            }
        ]
    }
}
